﻿{"cameraMode":{"drawMode":0,"name":"Shaded","section":"Shading Mode"},"sceneLighting":true,"audioPlay":false,"sceneViewState":{"showFog":true,"showMaterialUpdate":false,"showSkybox":true,"showFlares":true,"showImageEffects":true,"showParticleSystems":true},"in2DMode":false,"pivot":{"x":0.6851811408996582,"y":-2.8508639335632326,"z":-1.6251258850097657},"rotation":{"x":0.08539135009050369,"y":0.010461165569722653,"z":-0.0008966618333943188,"w":0.9962933659553528},"size":21.542497634887697,"orthographic":false}